educator_id,first_name,last_name,email,role,certification,school_id,hire_date,status
1ec1959d-beee-4061-9124-e3257153d563,Layla,Miller,layla.miller1@example.com,assistant,special_ed,dec0d1c2-3afd-42dc-b41c-f3ad5d5b9b24,2023-03-24,on_leave
4221b94e-10f4-4aa4-b624-7c4c39d67c60,Ava,Thomas,ava.thomas2@school.edu,specialist,elementary,54efc792-15e8-4edf-b463-c3fb0cffef14,2026-02-20,active
10fa2826-8449-484b-819b-d150e2243b29,Mason,Flores,mason.flores3@education.org,lead_teacher,special_ed,c6e42cb4-e6de-4841-86c7-fe00bd66bd5b,2024-02-24,active
16a04692-8043-43d9-86a0-b01e0b5686bf,Isabella,Taylor,isabella.taylor4@example.com,lead_teacher,elementary,f277f27b-bb46-4f44-a66e-776fc94dfb1d,2026-02-08,active
97db7081-9a33-45f0-bed6-ae5309936c55,Jackson,Perez,jackson.perez5@example.com,specialist,ESL,e90fd1a6-c3e6-4489-ba3c-bab83e479e34,2018-08-15,on_leave
6ba95bc2-1c96-4bda-80db-6c0969346340,Noah,Garcia,noah.garcia6@education.org,administrator,special_ed,ef06a233-254a-4212-bc4d-4c981116338d,2025-09-30,active
05dfbc50-400e-4cb1-961e-dec1ce9dc2d8,Isabella,Green,isabella.green7@school.edu,assistant,ESL,9c753fbb-87d9-4088-a5d8-1d94279cfd36,2024-11-27,active
6260106f-3e34-42fe-8756-fd86f834405b,Emma,Davis,emma.davis8@example.com,assistant,early_childhood,67894daf-2798-473f-a133-34509c85a5b2,2022-07-20,active
7714e24f-50ac-453d-8c33-627b88b9f5f4,Sebastian,Rodriguez,sebastian.rodriguez9@example.com,specialist,special_ed,ef06a233-254a-4212-bc4d-4c981116338d,2017-12-02,on_leave
c5664628-e557-47d9-bb60-0981f7ab7c59,Thomas,Thomas,thomas.thomas10@education.org,lead_teacher,special_ed,b9772d10-67bf-4262-9d92-9cc00f8e27dc,2018-08-13,active
297ffae4-e5f8-4d98-b7e1-b460f3eaab8e,Abigail,Flores,abigail.flores11@education.org,assistant,elementary,677ebdf9-ced9-4d4a-8a2f-6b589b2097f1,2026-01-25,retired
868eaa2e-da0f-4043-b659-9baafd83c8c7,Benjamin,Clark,benjamin.clark12@example.com,assistant,special_ed,961f8a8c-7080-469b-b989-ff844d396f26,2025-05-08,active
96535573-7681-45aa-8200-4d5caed33aea,Logan,Thomas,logan.thomas13@school.edu,assistant,early_childhood,8b902c90-6686-47cd-ad47-fa5721327dd2,2025-12-13,on_leave
9de09954-59ac-4458-a471-ce3404978bbc,Aria,Anderson,aria.anderson14@example.com,administrator,special_ed,4d436791-1c24-4038-9be1-6a252a5d08a1,2025-11-20,active
df708ecb-eb55-4386-b4cb-d71bd1d6c020,Amelia,Anderson,amelia.anderson15@example.com,assistant,ESL,8423edca-d258-48f3-8540-284c69d815f2,2026-01-11,active
43cddaec-a986-4d5a-a239-9937383ddca3,Caleb,Moore,caleb.moore16@school.edu,administrator,special_ed,3d6d7dd6-fe7e-479a-afb8-d35862e3fe7f,2017-01-14,active
bb7da87a-d5a4-4880-88e9-c312a637e941,Benjamin,Nguyen,benjamin.nguyen17@school.edu,lead_teacher,early_childhood,51ab44f2-0841-44b8-bc76-8d2344501e8e,2019-03-10,active
0ffa7d3b-ac4b-40f4-9989-71a1cf9cc1c2,Luna,Ramirez,luna.ramirez18@education.org,lead_teacher,ESL,7caa99e5-aa2f-43f6-93ad-68f80ce21053,2024-06-06,active
a3fef154-d9b1-47b7-8667-fa9511cd663e,Jackson,Ramirez,jackson.ramirez19@example.com,assistant,special_ed,8f578f11-a663-41a3-ac1c-ca779cab1f35,2016-10-03,active
a98d3414-4ca5-4c7c-9e26-95747affddc8,Ethan,Flores,ethan.flores20@school.edu,lead_teacher,special_ed,4dc45fc6-fadb-4868-9f4e-cddd631c7abe,2023-09-16,active
cb916474-8f4a-43a9-a28e-685536b628ee,Luna,Sanchez,luna.sanchez21@education.org,specialist,elementary,3d4b41e3-0641-4c4d-90cc-150d0b9cc0f9,2020-11-02,active
1f8c23be-3d60-4ca4-b69e-1d86d3f0bb1b,Thomas,Mitchell,thomas.mitchell22@example.com,specialist,ESL,9c753fbb-87d9-4088-a5d8-1d94279cfd36,2020-07-05,active
7f5c03cc-ff9a-41cf-bc68-3b80c74e7f3e,Evelyn,Wilson,evelyn.wilson23@school.edu,specialist,ESL,54efc792-15e8-4edf-b463-c3fb0cffef14,2019-09-01,active
02ac616c-2abd-4451-b201-d7cea5f79e8b,Scarlett,Walker,scarlett.walker24@education.org,assistant,early_childhood,7b9e1d75-0e5e-45b4-b563-e22f77fe40b5,2018-08-28,active
32e2a680-6b7b-4245-8db5-2b369564cb37,Ryan,Perez,ryan.perez25@example.com,assistant,special_ed,bcab8575-2c79-4e87-b156-b78148a98ed8,2023-05-11,active
f3c0b928-16c9-4c47-9313-2a5ea7dc1691,Liam,Williams,liam.williams26@example.com,administrator,early_childhood,24362bd7-c875-4bb6-a444-3404a681b2a7,2017-11-29,active
c0305dc5-e097-466a-b084-2503dc2f4d64,Layla,Gonzalez,layla.gonzalez27@education.org,administrator,ESL,770836c9-49fe-4be4-9a0e-1643d77c750e,2023-04-28,active
eb322172-9ba7-464d-9d10-2e50c48090f5,Eleanor,Smith,eleanor.smith28@example.com,administrator,elementary,549a30d9-553b-4506-a689-172079c7116b,2023-08-14,active
0b0b5530-e938-4ebb-9bb4-68661c55b8af,Theodore,Robinson,theodore.robinson29@example.com,assistant,early_childhood,24362bd7-c875-4bb6-a444-3404a681b2a7,2024-01-24,active
e229f3fc-f290-4dbc-89c8-253404eeb65c,Madison,King,madison.king30@education.org,specialist,ESL,459f7de6-735d-4a35-b8ca-f662c20126fc,2021-06-21,active
1dddbfc4-4968-4597-9dba-a3d84ea2e55f,Sebastian,Scott,sebastian.scott31@school.edu,assistant,ESL,54efc792-15e8-4edf-b463-c3fb0cffef14,2021-12-02,active
a9fea78f-524c-415f-9eaf-77292c41cc51,Victoria,Moore,victoria.moore32@education.org,administrator,elementary,f277f27b-bb46-4f44-a66e-776fc94dfb1d,2019-01-12,active
06b298ec-5758-49f4-924d-8136f6d02817,Evelyn,Thomas,evelyn.thomas33@school.edu,specialist,special_ed,19d4685d-44dd-459b-b1b7-d29030de23be,2024-04-05,active
85f2db56-78f6-4852-9fcc-b491703a251e,Amelia,Harris,amelia.harris34@education.org,assistant,elementary,1cd4a5dd-e438-4e95-96e4-3c463bae06a7,2017-12-13,active
8c06306c-8e9f-466a-9c17-dcaf8ec74e3a,Penelope,Robinson,penelope.robinson35@school.edu,lead_teacher,elementary,961f8a8c-7080-469b-b989-ff844d396f26,2019-12-21,active
f0c2e487-7b90-4fa5-9dbb-3d6eb34c91ae,Samuel,Hall,samuel.hall36@example.com,administrator,ESL,7ea91de7-edca-4dd7-8567-713bd0c7e6d0,2024-11-22,on_leave
318be478-da9a-4acf-a54a-a6f5e1709d4e,Nora,Harris,nora.harris37@school.edu,assistant,ESL,bcab8575-2c79-4e87-b156-b78148a98ed8,2019-08-11,active
93b5f351-27c8-40fb-8e66-3a180fac07c2,Liam,Harris,liam.harris38@school.edu,administrator,elementary,24362bd7-c875-4bb6-a444-3404a681b2a7,2021-09-15,on_leave
ba5df66c-026f-448e-b657-858293964f67,Penelope,Johnson,penelope.johnson39@school.edu,lead_teacher,early_childhood,0c93e27c-c545-4f5f-bcfc-f771640959e3,2023-03-28,active
ee8fd0d5-3a3f-4060-99f1-1ae2d984d542,Jack,Lopez,jack.lopez40@example.com,specialist,ESL,1931b905-8265-481f-8999-bcf320f65f54,2025-12-24,active
37401cbf-f6ea-4af2-ad0c-5b207f5113fc,Ethan,Carter,ethan.carter41@school.edu,specialist,ESL,e90fd1a6-c3e6-4489-ba3c-bab83e479e34,2019-12-04,active
1e845cb6-b106-42cc-812b-1e207f3fd108,Liam,Mitchell,liam.mitchell42@education.org,lead_teacher,special_ed,bcab8575-2c79-4e87-b156-b78148a98ed8,2021-07-14,active
a782458d-fa24-462e-a61b-140fa8994427,Leo,Williams,leo.williams43@example.com,assistant,elementary,3d6d7dd6-fe7e-479a-afb8-d35862e3fe7f,2025-01-07,active
5f2c2168-0ac2-4f5e-a0af-c9f991e56c22,Isabella,Walker,isabella.walker44@education.org,lead_teacher,elementary,24362bd7-c875-4bb6-a444-3404a681b2a7,2018-12-08,active
0ecaf18d-e3e6-4363-80d4-c6178a2ff5b5,Daniel,Hernandez,daniel.hernandez45@education.org,lead_teacher,elementary,4d436791-1c24-4038-9be1-6a252a5d08a1,2024-11-10,active
e76e09cb-b027-4d09-adcd-913e0f7ad373,Mason,Torres,mason.torres46@education.org,administrator,ESL,fe2924e5-1a4a-43e5-9246-c0da1ec98a8a,2016-07-19,active
d57051e4-3bb9-4fc5-9cff-6b03a50e33bb,Eleanor,Green,eleanor.green47@example.com,lead_teacher,special_ed,93872cf9-e8d8-49c1-b44a-bcb8d09e69b7,2022-11-25,active
fa62cd11-2df7-42f3-be68-9908454ba0f6,Layla,Williams,layla.williams48@school.edu,administrator,special_ed,1cd4a5dd-e438-4e95-96e4-3c463bae06a7,2017-08-13,active
5cff8283-b8fb-45e4-90b0-ec4f66d47486,Emma,Clark,emma.clark49@school.edu,lead_teacher,ESL,67894daf-2798-473f-a133-34509c85a5b2,2020-02-01,active
8e72921f-3952-466d-822e-46af4bb384b0,Jack,Rivera,jack.rivera50@example.com,administrator,elementary,8b4d8304-db30-440d-9d10-d462d5332003,2025-07-21,active
f633536a-67e3-47b0-8c70-8d5ae194be1f,Alexander,Flores,alexander.flores51@education.org,administrator,ESL,8f578f11-a663-41a3-ac1c-ca779cab1f35,2023-07-22,active
785ca6d4-d50e-44fc-9ccb-7a9e9a03befa,Alexander,Lee,alexander.lee52@example.com,lead_teacher,special_ed,54efc792-15e8-4edf-b463-c3fb0cffef14,2022-11-26,active
c46ba181-f49a-4e55-915d-c9da74e26e9b,Layla,Flores,layla.flores53@education.org,administrator,special_ed,3d6d7dd6-fe7e-479a-afb8-d35862e3fe7f,2021-06-21,active
1eb14247-0f79-43bb-9454-51b43d262d78,Benjamin,Young,benjamin.young54@example.com,specialist,special_ed,8423edca-d258-48f3-8540-284c69d815f2,2019-11-27,active
991d5ed0-ea24-469c-9465-c1a9473ae61f,Eleanor,Moore,eleanor.moore55@education.org,lead_teacher,elementary,a5bd2773-6ae1-45f6-85a7-89fa8e70e117,2022-12-11,active
55ef8cf8-d989-4aa3-8787-4aa9dd49e991,Owen,Scott,owen.scott56@example.com,administrator,ESL,54efc792-15e8-4edf-b463-c3fb0cffef14,2020-10-25,active
a047f089-d71a-4d5e-91d0-c6d0f0eaa71a,Evelyn,Anderson,evelyn.anderson57@school.edu,assistant,special_ed,c6e42cb4-e6de-4841-86c7-fe00bd66bd5b,2017-04-21,active
3d418da5-468c-4a08-973f-de2fa0da8d96,Aiden,King,aiden.king58@school.edu,administrator,special_ed,3efefdf8-9308-4f31-a290-d9e04fd3b172,2021-07-26,active
3308d9ff-4743-49f3-beb6-1721fb86a0e0,Mason,Taylor,mason.taylor59@example.com,lead_teacher,elementary,1931b905-8265-481f-8999-bcf320f65f54,2019-04-19,active
4e6e7c70-2be9-437a-b726-64b6909fcadf,Nora,Hall,nora.hall60@example.com,assistant,elementary,4ee9a5c1-bd82-4668-84fd-271673c58244,2022-04-08,active
332fa97a-acd1-433d-b921-83041a97393c,Samuel,Carter,samuel.carter61@education.org,specialist,early_childhood,3d4b41e3-0641-4c4d-90cc-150d0b9cc0f9,2024-05-20,active
6f9ff307-a3ec-4059-bc2b-e475fc7aa14d,Benjamin,Martin,benjamin.martin62@example.com,assistant,special_ed,ef06a233-254a-4212-bc4d-4c981116338d,2020-04-22,retired
03a3ca70-6b54-4a03-9e2e-4b13d4857f2d,Evelyn,Hall,evelyn.hall63@example.com,administrator,early_childhood,7ea91de7-edca-4dd7-8567-713bd0c7e6d0,2022-06-19,active
adf13893-67a2-4419-a4bb-3519b75a9218,Aria,Lewis,aria.lewis64@school.edu,assistant,early_childhood,e90fd1a6-c3e6-4489-ba3c-bab83e479e34,2021-07-10,on_leave
e3d2fe14-cca9-4949-baaf-04eb0113c578,James,Jones,james.jones65@school.edu,administrator,early_childhood,7caa99e5-aa2f-43f6-93ad-68f80ce21053,2021-08-13,active
f3144ccb-602d-405d-a798-c28187a97016,William,Martinez,william.martinez66@education.org,specialist,early_childhood,9c754117-bfe4-40a9-bfb1-097fc1c520df,2016-11-10,active
b597871b-e4bb-43b4-aba0-5b43f9430460,Abigail,Hill,abigail.hill67@education.org,assistant,ESL,54efc792-15e8-4edf-b463-c3fb0cffef14,2024-10-31,on_leave
e29d3818-fbdc-45ed-ba5b-c81734a0e3df,Samuel,Ramirez,samuel.ramirez68@school.edu,lead_teacher,early_childhood,a19de5b5-7532-4976-b51c-f1e4d45c4761,2019-08-05,active
9bf396a1-717b-4265-a7b4-658241377afc,Harper,Nelson,harper.nelson69@example.com,assistant,elementary,549a30d9-553b-4506-a689-172079c7116b,2018-08-17,active
37cacb93-dee2-4fa9-9176-ed9f5ced0a95,Emma,Clark,emma.clark70@school.edu,administrator,special_ed,ef06a233-254a-4212-bc4d-4c981116338d,2018-01-06,active
ca3409c0-3d6e-4592-8282-c0353e0ab595,Evelyn,Hall,evelyn.hall71@school.edu,lead_teacher,elementary,e90fd1a6-c3e6-4489-ba3c-bab83e479e34,2024-03-09,active
384e2589-f6bb-4d95-82e9-337ec33584cd,Samuel,Nelson,samuel.nelson72@example.com,administrator,early_childhood,19d4685d-44dd-459b-b1b7-d29030de23be,2023-04-09,active
45988cbf-326f-4b04-b4f7-ac678beb32b7,Alexander,Martinez,alexander.martinez73@example.com,lead_teacher,elementary,4d436791-1c24-4038-9be1-6a252a5d08a1,2017-12-06,active
48eb21ce-44e3-48cd-9b38-69e7c0552da9,Layla,Jackson,layla.jackson74@school.edu,lead_teacher,ESL,1a67d9b4-5cf8-4aaf-a3de-d79d96c91528,2025-07-03,active
7515d8ac-f047-4552-907f-730bb0b9ca32,Alexander,Allen,alexander.allen75@education.org,administrator,ESL,a5bd2773-6ae1-45f6-85a7-89fa8e70e117,2020-10-09,active
da272521-aac6-48f8-822b-4458301451cf,Sebastian,Mitchell,sebastian.mitchell76@school.edu,specialist,early_childhood,a5bd2773-6ae1-45f6-85a7-89fa8e70e117,2026-03-27,active
fed1249c-f9be-423e-a3b6-f5708a19ce5b,Layla,Nguyen,layla.nguyen77@example.com,specialist,early_childhood,a19de5b5-7532-4976-b51c-f1e4d45c4761,2023-10-27,active
2fc67fc5-b184-4711-9551-cc61b1e28cf6,Theodore,Adams,theodore.adams78@school.edu,specialist,elementary,05fbd2e8-928a-483e-a3c2-083bd8655429,2021-07-15,active
916d2427-b6c0-4fd0-bf2b-ff8eb7427152,Owen,Garcia,owen.garcia79@school.edu,specialist,ESL,8423edca-d258-48f3-8540-284c69d815f2,2025-05-23,active
220e6b00-2c16-4d51-9ce3-0316c7673a81,Mia,Perez,mia.perez80@school.edu,administrator,special_ed,c6e42cb4-e6de-4841-86c7-fe00bd66bd5b,2017-06-07,on_leave
b53b09b7-52d8-4d70-8be0-75bcee153191,Nora,Scott,nora.scott81@example.com,administrator,early_childhood,1931b905-8265-481f-8999-bcf320f65f54,2025-05-20,active
2d2b4a43-9555-4c79-8372-4602c5d11635,Caleb,Sanchez,caleb.sanchez82@education.org,lead_teacher,ESL,961f8a8c-7080-469b-b989-ff844d396f26,2017-07-23,active
e859a5c6-9b86-4c6b-9fb4-5672474f9941,Daniel,Flores,daniel.flores83@school.edu,administrator,early_childhood,7f5d47f9-3864-4644-8f8a-4ac8e373e22f,2022-01-27,active
d500f700-8447-488f-8236-251f91e96668,Evelyn,Lewis,evelyn.lewis84@education.org,administrator,early_childhood,3d6d7dd6-fe7e-479a-afb8-d35862e3fe7f,2017-09-23,retired
716f664e-3c7a-4c1e-acdc-f1d66ba49951,Henry,Rivera,henry.rivera85@example.com,specialist,early_childhood,9c753fbb-87d9-4088-a5d8-1d94279cfd36,2023-02-01,active
981ed76c-3010-4f48-9d56-1777150bfeed,James,Robinson,james.robinson86@example.com,assistant,ESL,fe2924e5-1a4a-43e5-9246-c0da1ec98a8a,2018-10-12,active
447a8f19-dc8c-4288-8fd9-16eb639076c2,Alexander,Clark,alexander.clark87@school.edu,administrator,elementary,24362bd7-c875-4bb6-a444-3404a681b2a7,2024-03-03,active
26c07552-dd48-4d9a-b8ff-eb4b554cc462,Charlotte,Hill,charlotte.hill88@education.org,assistant,early_childhood,f277f27b-bb46-4f44-a66e-776fc94dfb1d,2020-07-24,active
474287b5-f5dc-4c9e-a459-91e41ef833fc,Abigail,Perez,abigail.perez89@education.org,specialist,early_childhood,7b9e1d75-0e5e-45b4-b563-e22f77fe40b5,2025-11-03,active
b61ab7aa-1f5e-4cf0-ab3f-fb7ca338029e,Samuel,Nguyen,samuel.nguyen90@education.org,administrator,elementary,54efc792-15e8-4edf-b463-c3fb0cffef14,2025-08-26,active
21c05024-8145-4d39-94e0-f03aa98ef490,Ethan,Scott,ethan.scott91@education.org,administrator,ESL,1931b905-8265-481f-8999-bcf320f65f54,2020-02-17,on_leave
5736ae35-a10f-454d-adfb-d084ffcf5459,Henry,Torres,henry.torres92@school.edu,assistant,ESL,ef06a233-254a-4212-bc4d-4c981116338d,2024-01-30,active
8df4680c-b201-4f4a-8460-c4c5dc6c0964,Jackson,Harris,jackson.harris93@school.edu,assistant,ESL,ef06a233-254a-4212-bc4d-4c981116338d,2021-07-25,active
3a7046ca-6111-4b29-ac27-70ef77e8ba3f,Ethan,Miller,ethan.miller94@school.edu,lead_teacher,ESL,7ea91de7-edca-4dd7-8567-713bd0c7e6d0,2022-11-17,active
10fe8f2e-029d-44ef-8e9e-b04564c5065e,Leo,Martinez,leo.martinez95@example.com,administrator,special_ed,8423edca-d258-48f3-8540-284c69d815f2,2020-11-09,active
35abe7ef-56ab-4de4-a888-fa524c914b7a,Leo,Garcia,leo.garcia96@school.edu,administrator,special_ed,6f8dac0a-5e74-4b21-8bc0-8791b5e21e65,2020-09-19,active
fd1254cb-4827-4ba3-9c39-9e58cd1f986b,Owen,Wright,owen.wright97@example.com,lead_teacher,elementary,6f8dac0a-5e74-4b21-8bc0-8791b5e21e65,2024-10-10,active
51a64a0c-737e-4552-9cf2-59b401b0db38,Amelia,Mitchell,amelia.mitchell98@example.com,administrator,early_childhood,a19de5b5-7532-4976-b51c-f1e4d45c4761,2019-06-26,active
1708bed3-67be-49f1-a416-d3a122818764,Sophia,Lewis,sophia.lewis99@example.com,specialist,early_childhood,ef06a233-254a-4212-bc4d-4c981116338d,2026-01-17,active
be4f880a-b080-42bd-bf87-e2677f8bde34,Evelyn,Thompson,evelyn.thompson100@school.edu,administrator,elementary,9c754117-bfe4-40a9-bfb1-097fc1c520df,2016-11-20,active
d2050269-15a0-4532-b71b-629fb9de5aa6,Thomas,Lopez,thomas.lopez101@example.com,assistant,early_childhood,459f7de6-735d-4a35-b8ca-f662c20126fc,2022-08-10,on_leave
8a217ee3-1294-49a6-93b9-5d8de7d703e3,Thomas,Thomas,thomas.thomas102@school.edu,assistant,elementary,24362bd7-c875-4bb6-a444-3404a681b2a7,2023-03-18,active
32bf81c8-f850-4682-b6d0-75850fa3ec59,Harper,Nelson,harper.nelson103@example.com,administrator,special_ed,93872cf9-e8d8-49c1-b44a-bcb8d09e69b7,2021-05-31,active
306d178f-4d5b-40b4-a083-a3215fb3e9c1,Ella,Thompson,ella.thompson104@education.org,specialist,ESL,1a67d9b4-5cf8-4aaf-a3de-d79d96c91528,2017-02-01,active
a464ded1-de20-4eb5-9317-2e75e149722e,Mason,Gonzalez,mason.gonzalez105@school.edu,administrator,early_childhood,9c754117-bfe4-40a9-bfb1-097fc1c520df,2025-09-27,active
bfb72777-acd0-46f7-9c76-c9f058cb2d2e,Layla,Jackson,layla.jackson106@education.org,specialist,early_childhood,c6e42cb4-e6de-4841-86c7-fe00bd66bd5b,2020-04-14,active
7fccd467-0e95-419b-824e-e37f0fc0d9ad,Layla,Baker,layla.baker107@education.org,lead_teacher,ESL,7b9e1d75-0e5e-45b4-b563-e22f77fe40b5,2016-05-08,active
d253ef65-fa40-42fc-a4f4-8d45e88395a2,Chloe,Thompson,chloe.thompson108@example.com,assistant,special_ed,93872cf9-e8d8-49c1-b44a-bcb8d09e69b7,2018-11-03,active
17fb546c-b32a-4706-bced-59ed2f685509,Madison,Baker,madison.baker109@example.com,lead_teacher,early_childhood,4d436791-1c24-4038-9be1-6a252a5d08a1,2024-11-12,active
7fe345ea-303f-4062-aa36-1d7f09dcc214,Samuel,White,samuel.white110@education.org,assistant,early_childhood,7b9e1d75-0e5e-45b4-b563-e22f77fe40b5,2016-08-19,active
5f2fe147-1bd6-4926-9d3b-09127aa242f5,Benjamin,Gonzalez,benjamin.gonzalez111@example.com,specialist,special_ed,677ebdf9-ced9-4d4a-8a2f-6b589b2097f1,2020-12-01,active
e4806767-531e-4df5-8ff8-6c0e404aad96,Aria,Jackson,aria.jackson112@education.org,specialist,early_childhood,24362bd7-c875-4bb6-a444-3404a681b2a7,2025-07-04,retired
f104a240-80e6-4c12-a409-dedec41b99eb,Nora,Anderson,nora.anderson113@education.org,administrator,special_ed,a5bd2773-6ae1-45f6-85a7-89fa8e70e117,2017-11-02,active
f902e3ea-25f5-4647-b9a9-f7de0eed5750,Harper,Wright,harper.wright114@example.com,administrator,special_ed,93872cf9-e8d8-49c1-b44a-bcb8d09e69b7,2016-06-01,active
d75f345a-a69d-4669-a17b-587e2a94f853,Samuel,Harris,samuel.harris115@education.org,specialist,early_childhood,93872cf9-e8d8-49c1-b44a-bcb8d09e69b7,2019-03-14,active
3b35cadb-f6cc-4e23-a506-f81af8078b60,Ryan,Scott,ryan.scott116@school.edu,assistant,early_childhood,6f8dac0a-5e74-4b21-8bc0-8791b5e21e65,2016-07-16,active
4c255341-a1ee-499b-b5ff-1268d842af8c,Mason,Adams,mason.adams117@school.edu,lead_teacher,elementary,ef06a233-254a-4212-bc4d-4c981116338d,2024-02-14,on_leave
2aac20fa-5c4b-49fd-a02d-d78f6ea642be,Owen,Davis,owen.davis118@example.com,assistant,elementary,8b902c90-6686-47cd-ad47-fa5721327dd2,2019-09-03,active
e97e84e4-8499-40d7-8225-917bf73b359c,Logan,Hall,logan.hall119@education.org,administrator,elementary,961f8a8c-7080-469b-b989-ff844d396f26,2023-10-12,active
b475961b-528b-4faa-9c25-691aeb28c701,Owen,Flores,owen.flores120@school.edu,specialist,early_childhood,1a67d9b4-5cf8-4aaf-a3de-d79d96c91528,2025-08-10,active
8de6a853-4c67-4553-8208-84f0849974b1,Ella,Thomas,ella.thomas121@school.edu,lead_teacher,special_ed,19d4685d-44dd-459b-b1b7-d29030de23be,2021-03-26,on_leave
89a4ce3c-3ffe-491f-b5ff-4a0ec03915d6,Camila,Brown,camila.brown122@school.edu,specialist,elementary,7ec49931-9e42-4f30-8490-b24bceee7862,2023-06-29,on_leave
f70d0d76-ce74-4d05-8ce8-427d95212437,Jack,Garcia,jack.garcia123@education.org,assistant,early_childhood,409978d4-7def-4d4b-83ce-75fa2a3bff94,2025-07-02,active
fcc50884-769f-4ab2-8d94-051f562ff75d,Isabella,Torres,isabella.torres124@example.com,lead_teacher,elementary,05fbd2e8-928a-483e-a3c2-083bd8655429,2018-12-28,active
795546b3-7764-4fa0-90be-245106c0e2e5,Amelia,Perez,amelia.perez125@example.com,lead_teacher,special_ed,19c726c8-fcb4-4a36-87dc-1d5bad0faf47,2026-01-05,retired
77d9058c-1ca5-46c5-9841-5d8524ab23c6,Harper,Lopez,harper.lopez126@example.com,lead_teacher,elementary,7ea91de7-edca-4dd7-8567-713bd0c7e6d0,2022-04-26,active
7fe73a07-3e4e-48cf-ac38-74c945b55cbe,Henry,Nguyen,henry.nguyen127@school.edu,lead_teacher,elementary,e90fd1a6-c3e6-4489-ba3c-bab83e479e34,2025-02-06,active
bd3ceeb9-1743-4c5d-a28c-f5d26cc8de26,Abigail,King,abigail.king128@example.com,lead_teacher,ESL,54efc792-15e8-4edf-b463-c3fb0cffef14,2024-07-30,active
14e14884-094f-4884-af69-e61ba844fdcc,Samuel,Miller,samuel.miller129@school.edu,assistant,early_childhood,8b4d8304-db30-440d-9d10-d462d5332003,2022-01-06,active
2f1bc608-1121-4a3c-807a-6b2fd698a548,Madison,King,madison.king130@school.edu,administrator,early_childhood,409978d4-7def-4d4b-83ce-75fa2a3bff94,2025-12-25,retired
affe5f86-cc71-4931-bdd7-bcadd590b826,Michael,Ramirez,michael.ramirez131@education.org,lead_teacher,ESL,fe2924e5-1a4a-43e5-9246-c0da1ec98a8a,2025-10-05,on_leave
38572b06-e9bb-4b8f-949a-baadd8b8a2a8,Elijah,Lee,elijah.lee132@education.org,assistant,early_childhood,dec0d1c2-3afd-42dc-b41c-f3ad5d5b9b24,2017-01-31,active
3a1cbffb-09d4-48e2-a14a-1a906a4a5af4,Samuel,Scott,samuel.scott133@education.org,specialist,ESL,51ab44f2-0841-44b8-bc76-8d2344501e8e,2023-05-12,active
32c9da60-cd8e-4d8c-9bd2-bd98b070c2c7,Scarlett,Hill,scarlett.hill134@school.edu,lead_teacher,early_childhood,0c93e27c-c545-4f5f-bcfc-f771640959e3,2021-05-07,active
626b5ba1-962e-4bc3-b307-8011211cc23c,Aiden,Campbell,aiden.campbell135@example.com,administrator,ESL,bcab8575-2c79-4e87-b156-b78148a98ed8,2024-11-18,active
be7f7b9f-de4c-48af-a093-a1b7752690ab,Jack,Sanchez,jack.sanchez136@school.edu,lead_teacher,special_ed,8f578f11-a663-41a3-ac1c-ca779cab1f35,2025-07-16,active
3990190b-443c-4973-a347-2d774a66759f,Daniel,Martinez,daniel.martinez137@education.org,administrator,early_childhood,a5bd2773-6ae1-45f6-85a7-89fa8e70e117,2019-02-13,active
9dafe931-4a35-488f-91e4-a61d2b58fdc3,Sebastian,Miller,sebastian.miller138@education.org,specialist,elementary,9c753fbb-87d9-4088-a5d8-1d94279cfd36,2017-04-21,active
1b34eb3c-a21a-4153-abdb-5627de04fd17,Aiden,Perez,aiden.perez139@education.org,lead_teacher,ESL,3efefdf8-9308-4f31-a290-d9e04fd3b172,2022-07-23,on_leave
43556353-b792-4aa9-a6d4-b673fc557418,Sebastian,Campbell,sebastian.campbell140@example.com,specialist,special_ed,3efefdf8-9308-4f31-a290-d9e04fd3b172,2024-09-03,active
38b66615-d638-457b-baab-50e77902db69,Lucas,Martinez,lucas.martinez141@education.org,administrator,elementary,cc69d542-de0a-488a-8cea-59b4669368d3,2021-12-13,active
48c7fc21-f058-45d4-b6f1-d6c7513219be,Daniel,Davis,daniel.davis142@school.edu,assistant,ESL,9c753fbb-87d9-4088-a5d8-1d94279cfd36,2022-07-01,retired
dd03888f-1000-43e3-b6c6-1f634a1682b4,Ryan,Flores,ryan.flores143@education.org,lead_teacher,special_ed,3d6d7dd6-fe7e-479a-afb8-d35862e3fe7f,2025-06-09,active
7df7e611-8d8f-4961-9f09-5fc984dc50cd,Nora,Martin,nora.martin144@school.edu,specialist,early_childhood,549a30d9-553b-4506-a689-172079c7116b,2024-02-21,on_leave
ed70109e-f520-43b5-8e2e-c2932e6f109f,Madison,Sanchez,madison.sanchez145@example.com,assistant,early_childhood,a5bd2773-6ae1-45f6-85a7-89fa8e70e117,2022-08-11,active
12004d06-ea32-48b8-9c21-59c71fc535a7,Gianna,Clark,gianna.clark146@school.edu,specialist,elementary,67894daf-2798-473f-a133-34509c85a5b2,2018-09-03,active
be4405b6-831c-473e-88ff-b6a4e128e7e2,Caleb,Torres,caleb.torres147@education.org,lead_teacher,early_childhood,19c726c8-fcb4-4a36-87dc-1d5bad0faf47,2019-11-24,active
c77733b3-c60f-4054-a142-2287e76c0e9d,Noah,Baker,noah.baker148@example.com,specialist,ESL,c6e42cb4-e6de-4841-86c7-fe00bd66bd5b,2023-03-10,active
cd2c6394-0545-4ce4-8027-6b011d2f73c5,Ella,Clark,ella.clark149@school.edu,assistant,early_childhood,3efefdf8-9308-4f31-a290-d9e04fd3b172,2023-01-25,active
d7075a5a-3849-4bd2-8434-9333d78498b3,Thomas,Baker,thomas.baker150@education.org,administrator,special_ed,ef06a233-254a-4212-bc4d-4c981116338d,2019-06-09,active
792d384e-c265-4f5d-a410-d6b76569874b,Noah,Smith,noah.smith151@example.com,specialist,elementary,b9772d10-67bf-4262-9d92-9cc00f8e27dc,2022-12-24,active
0dcba3a2-af64-486c-9d94-48d7eb6d85fa,Evelyn,Lee,evelyn.lee152@example.com,lead_teacher,ESL,4ee9a5c1-bd82-4668-84fd-271673c58244,2019-02-15,active
f4cc6b00-86f8-4c6f-a29a-a682e5863bcf,Gianna,Wright,gianna.wright153@education.org,assistant,special_ed,1cd4a5dd-e438-4e95-96e4-3c463bae06a7,2017-09-16,active
cfe7ab14-8764-4074-9f65-aa7d8e890983,Olivia,Ramirez,olivia.ramirez154@example.com,administrator,early_childhood,1931b905-8265-481f-8999-bcf320f65f54,2024-07-31,active
5722fea8-9475-46ba-b07b-c05bdd10236a,Michael,Rivera,michael.rivera155@education.org,administrator,special_ed,7ec49931-9e42-4f30-8490-b24bceee7862,2022-09-09,active
c0b3f642-46c1-432b-bc95-c3bbdc470d4e,Mia,Flores,mia.flores156@school.edu,specialist,early_childhood,8f578f11-a663-41a3-ac1c-ca779cab1f35,2019-11-26,active
03ac7b40-c4c3-4d9f-a06b-c944b2e44907,Sebastian,Nguyen,sebastian.nguyen157@school.edu,lead_teacher,ESL,4d436791-1c24-4038-9be1-6a252a5d08a1,2018-12-27,active
4e175f53-8c4e-42bf-b427-224cfcd1c9fe,Ethan,Roberts,ethan.roberts158@example.com,lead_teacher,early_childhood,636b8ce6-96c0-452b-ab0a-e739dcb68a8c,2018-09-29,active
2d0b4b3b-290b-4c01-9d50-45ec38f1068f,Camila,Thompson,camila.thompson159@education.org,assistant,elementary,cc69d542-de0a-488a-8cea-59b4669368d3,2024-12-18,active
8ff4fbe4-3f94-463f-8ace-8caff75c713d,Benjamin,Hill,benjamin.hill160@example.com,lead_teacher,elementary,b9772d10-67bf-4262-9d92-9cc00f8e27dc,2018-06-22,active
b40034a2-072f-4ac7-b76c-e0f04e53338e,Nora,Torres,nora.torres161@education.org,administrator,special_ed,6f8dac0a-5e74-4b21-8bc0-8791b5e21e65,2021-06-18,active
beb8be19-dbcb-40fc-9d3c-6f1668e3e2d0,Ava,Walker,ava.walker162@school.edu,specialist,special_ed,05fbd2e8-928a-483e-a3c2-083bd8655429,2021-03-11,active
742de1f3-e668-4fb2-8f3f-d155d2c1a5ed,Ava,Martin,ava.martin163@school.edu,administrator,early_childhood,409978d4-7def-4d4b-83ce-75fa2a3bff94,2021-12-13,active
9078187c-ce6d-4d92-bd37-a3c33035e95b,Ava,Adams,ava.adams164@example.com,administrator,ESL,05fbd2e8-928a-483e-a3c2-083bd8655429,2019-06-24,active
b337a6f7-bf45-4404-842f-e66df291c57f,Logan,Williams,logan.williams165@school.edu,assistant,special_ed,51ab44f2-0841-44b8-bc76-8d2344501e8e,2025-02-20,active
b1656745-4673-49e0-87f1-10515abb812d,Noah,Lewis,noah.lewis166@example.com,specialist,early_childhood,4dc45fc6-fadb-4868-9f4e-cddd631c7abe,2017-12-13,active
ac28c0a6-2045-4a86-80b1-61397c5f8e58,Henry,Rivera,henry.rivera167@school.edu,administrator,elementary,67894daf-2798-473f-a133-34509c85a5b2,2016-09-12,active
da61d077-98b8-4ba7-8889-bcc172360283,Gianna,Clark,gianna.clark168@school.edu,lead_teacher,special_ed,1cd4a5dd-e438-4e95-96e4-3c463bae06a7,2019-06-07,active
c601c4b0-58b1-4eec-bebd-de7ae43a8812,Thomas,Harris,thomas.harris169@school.edu,specialist,elementary,8423edca-d258-48f3-8540-284c69d815f2,2022-07-08,active
b44bd541-74e4-4669-acf2-9905d6d8fc79,William,Thompson,william.thompson170@school.edu,administrator,elementary,51ab44f2-0841-44b8-bc76-8d2344501e8e,2023-09-14,active
10c7e62d-516d-41e9-b861-e3faf544993b,Mason,Scott,mason.scott171@school.edu,specialist,elementary,c6e42cb4-e6de-4841-86c7-fe00bd66bd5b,2017-03-18,active
57f2465c-96d1-424e-944e-d1f4a7c6121d,Thomas,King,thomas.king172@example.com,administrator,special_ed,3d6d7dd6-fe7e-479a-afb8-d35862e3fe7f,2024-07-18,active
fe7304db-dcd0-48bf-b777-559b354675a6,Lucas,Perez,lucas.perez173@school.edu,assistant,elementary,dec0d1c2-3afd-42dc-b41c-f3ad5d5b9b24,2018-04-13,active
0f112e5e-e576-42f3-b3ab-3ea19bac6e62,Sophia,Allen,sophia.allen174@education.org,lead_teacher,special_ed,b9772d10-67bf-4262-9d92-9cc00f8e27dc,2019-07-30,active
547b71a6-e434-4647-adeb-ee533ac2fa35,Gianna,Martinez,gianna.martinez175@example.com,assistant,elementary,8b4d8304-db30-440d-9d10-d462d5332003,2022-12-16,active
094e81d3-4d3d-4d6c-9e5d-6ed9ceb65623,Daniel,Baker,daniel.baker176@education.org,assistant,ESL,459f7de6-735d-4a35-b8ca-f662c20126fc,2020-11-12,active
ce269be6-1e00-4625-81f9-69b15946c55a,Ella,Anderson,ella.anderson177@education.org,assistant,special_ed,ed6bec0a-d128-4e2e-9194-a5f5ecdcd12e,2024-08-27,on_leave
834bbc35-b377-4710-a04d-aa8f9944efef,Daniel,Baker,daniel.baker178@education.org,administrator,ESL,b9772d10-67bf-4262-9d92-9cc00f8e27dc,2018-06-08,active
97636e16-3e00-4268-9b6d-23ccc714448e,Scarlett,King,scarlett.king179@school.edu,assistant,elementary,51ab44f2-0841-44b8-bc76-8d2344501e8e,2020-07-17,active
f9e3ff00-b817-4c87-b9a1-8f887d811d21,Noah,Adams,noah.adams180@school.edu,specialist,early_childhood,fe2924e5-1a4a-43e5-9246-c0da1ec98a8a,2019-01-24,active
aad1d70d-b69d-407c-9041-524d7a38d539,James,Jackson,james.jackson181@example.com,assistant,special_ed,54efc792-15e8-4edf-b463-c3fb0cffef14,2025-10-21,on_leave
2891b5c0-a077-48db-b3f8-595fbad7675d,Sebastian,Garcia,sebastian.garcia182@example.com,administrator,special_ed,3d6d7dd6-fe7e-479a-afb8-d35862e3fe7f,2017-11-29,active
af90df4c-dd10-48e8-b83a-ed6f3db87e4a,Scarlett,White,scarlett.white183@example.com,administrator,early_childhood,67894daf-2798-473f-a133-34509c85a5b2,2020-09-14,active
c3de8f36-741e-4a47-8a0a-752112ecf9f1,Sophia,Rivera,sophia.rivera184@education.org,specialist,elementary,dec0d1c2-3afd-42dc-b41c-f3ad5d5b9b24,2019-11-01,active
5471cf50-7707-4086-a5d0-876e30a7c604,Aria,Hall,aria.hall185@example.com,administrator,ESL,459f7de6-735d-4a35-b8ca-f662c20126fc,2025-07-25,active
40084df8-7600-4a6e-a628-6c7e74a85bac,Liam,Taylor,liam.taylor186@example.com,assistant,ESL,7ec49931-9e42-4f30-8490-b24bceee7862,2017-02-23,active
82e343e1-2ee6-40d8-a3da-0e3548edb44a,Mason,Davis,mason.davis187@example.com,assistant,ESL,6f8dac0a-5e74-4b21-8bc0-8791b5e21e65,2018-12-04,active
1b44ec60-af07-4f18-9f9b-0f01cdda1cca,Ava,Davis,ava.davis188@school.edu,lead_teacher,elementary,fe2924e5-1a4a-43e5-9246-c0da1ec98a8a,2021-05-21,active
eead2535-5598-4a88-af8f-fd79402dbc85,Emma,Flores,emma.flores189@school.edu,assistant,ESL,549a30d9-553b-4506-a689-172079c7116b,2021-01-27,active
c9a63b78-381e-4093-87e7-48eb245a13fc,Theodore,White,theodore.white190@example.com,lead_teacher,ESL,ed6bec0a-d128-4e2e-9194-a5f5ecdcd12e,2017-03-21,active
5f020b46-3adc-477e-9420-011698bdcb3c,Daniel,Taylor,daniel.taylor191@education.org,lead_teacher,special_ed,1cd4a5dd-e438-4e95-96e4-3c463bae06a7,2020-08-06,active
893d623c-2ca9-4d48-be91-69e3bb2b9c2a,Madison,Green,madison.green192@example.com,specialist,elementary,ef06a233-254a-4212-bc4d-4c981116338d,2024-06-24,active
fde39350-6fdd-408b-973b-1a8c669e5553,Leo,Lopez,leo.lopez193@education.org,administrator,ESL,6f8dac0a-5e74-4b21-8bc0-8791b5e21e65,2020-01-21,active
a8296b70-3c7b-49f5-99d2-cb5fceb5e30d,Ava,Rivera,ava.rivera194@school.edu,lead_teacher,special_ed,3d4b41e3-0641-4c4d-90cc-150d0b9cc0f9,2017-10-09,active
1613a85e-5f21-43e0-8fba-7455e4a3e5d1,Olivia,Lee,olivia.lee195@school.edu,administrator,ESL,e90fd1a6-c3e6-4489-ba3c-bab83e479e34,2018-07-01,active
d88eccbd-8bb6-45a5-bb5c-a82ff191ac66,Charlotte,Jackson,charlotte.jackson196@school.edu,lead_teacher,special_ed,f277f27b-bb46-4f44-a66e-776fc94dfb1d,2023-07-07,active
52a631ab-d743-4e81-b594-c9550f347fde,Sebastian,Sanchez,sebastian.sanchez197@education.org,administrator,ESL,8423edca-d258-48f3-8540-284c69d815f2,2020-05-21,retired
e68b95f4-c722-4abb-946c-35c5dd99686d,Eleanor,Young,eleanor.young198@school.edu,specialist,early_childhood,8b4d8304-db30-440d-9d10-d462d5332003,2021-10-28,active
f52a0ef4-e058-4690-9829-cf4dfc61df28,Chloe,Lopez,chloe.lopez199@education.org,specialist,special_ed,cc69d542-de0a-488a-8cea-59b4669368d3,2021-02-01,active
e1db07c0-09d2-40b8-a7a8-fca457abb4fa,Evelyn,Martin,evelyn.martin200@school.edu,administrator,elementary,1a67d9b4-5cf8-4aaf-a3de-d79d96c91528,2023-09-03,active
